{
  "n_val_frames": 881,
  "n_opto_on": 320,
  "n_opto_off": 561,
  "abs_cohens_d": [
    0.034017227590084076,
    0.03931857645511627,
    0.4703828692436218,
    0.6931272745132446,
    0.07988768815994263,
    0.5759830474853516,
    0.29012033343315125,
    1.0423911809921265
  ],
  "auc": [
    0.49411764705882355,
    0.5365418894830659,
    0.40338123885918004,
    0.3240530303030303,
    0.527139037433155,
    0.6559157754010695,
    0.41559157754010695,
    0.7818404634581105
  ],
  "n_dims_d_ge_0p5": 3,
  "top_opto_dim": 7,
  "top_opto_abs_d": 1.0423911809921265,
  "port_x_regression_r2": 0.7414279524064076,
  "port_y_regression_r2": 0.08975580990802338,
  "best_port_dim": 4,
  "best_port_dim_corr": -0.7162959009796598
}