{
  "block_assignment": [
    0,
    0,
    0,
    0,
    0,
    0,
    0,
    0
  ],
  "opto_dims": [
    0,
    1,
    2,
    3,
    4,
    5,
    6,
    7
  ],
  "psi0_dims": [],
  "cohens_d": [
    -0.034017227590084076,
    0.03931857645511627,
    -0.4703828692436218,
    -0.6931272745132446,
    0.07988768815994263,
    0.5759830474853516,
    -0.29012033343315125,
    1.0423911809921265
  ],
  "abs_cohens_d": [
    0.034017227590084076,
    0.03931857645511627,
    0.4703828692436218,
    0.6931272745132446,
    0.07988768815994263,
    0.5759830474853516,
    0.29012033343315125,
    1.0423911809921265
  ],
  "auc_opto_vs_off": [
    0.49411764705882355,
    0.5365418894830659,
    0.40338123885918004,
    0.3240530303030303,
    0.527139037433155,
    0.6559157754010695,
    0.41559157754010695,
    0.7818404634581105
  ],
  "mean_abs_d_opto_block": 0.40315353870391846,
  "mean_abs_d_psi0_block": null,
  "n_opto_on_frames": 320,
  "n_opto_off_frames": 561
}