{
  "assignment_0opto_1psi0": [
    0,
    0,
    0,
    0,
    0,
    0,
    0,
    0
  ],
  "psi_soft": [
    [
      0.8789457082748413,
      0.1210542619228363
    ],
    [
      0.9514673352241516,
      0.048532627522945404
    ],
    [
      0.8599734306335449,
      0.14002656936645508
    ],
    [
      0.9434553980827332,
      0.056544654071331024
    ],
    [
      0.9585816264152527,
      0.04141834378242493
    ],
    [
      0.9478186964988708,
      0.05218123644590378
    ],
    [
      0.9786877632141113,
      0.021312251687049866
    ],
    [
      0.9820814728736877,
      0.017918569967150688
    ]
  ]
}