{
  "nose_x": 0.0005807821871712804,
  "nose_y": 0.0009334289934486151,
  "mouth1_x": 0.00016300956485792994,
  "mouth1_y": 8.580807480029762e-05,
  "mouth2_x": 0.00026140344562008977,
  "mouth2_y": 9.586828673491254e-05,
  "mouth3_x": 0.0002938060788437724,
  "mouth3_y": 0.00024194094294216484,
  "mouth4_x": 0.00016917227185331285,
  "mouth4_y": 0.00010618723172228783,
  "leftfinger1_x": 0.0011514959624037147,
  "leftfinger1_y": 0.0005734215374104679,
  "leftfinger2_x": 0.0007894557202234864,
  "leftfinger2_y": 0.00044336734572425485,
  "rightfinger1_x": 0.0022297734394669533,
  "rightfinger1_y": 0.002313650446012616,
  "rightfinger2_x": 0.002748280530795455,
  "rightfinger2_y": 0.0016207500593736768,
  "waterport_x": 0.0006694026524201035,
  "waterport_y": 6.3858758949209e-05,
  "water2_x": 0.0007063525845296681,
  "water2_y": 0.00048666150541976094,
  "water3_x": 0.0007283657905645669,
  "water3_y": 0.0003654742904473096,
  "water4_x": 0.0006871226360090077,
  "water4_y": 0.00040598836494609714,
  "nose2_x": 6.278688670136034e-05,
  "nose2_y": 0.00010140155063709244,
  "nose3_x": 0.00011961043492192402,
  "nose3_y": 9.417092951480299e-05,
  "leftfingertip1_x": 0.0011172660160809755,
  "leftfingertip1_y": 0.0006477116839960217,
  "leftfingertip2_x": 0.0007897227187640965,
  "leftfingertip2_y": 0.00045676116133108735,
  "nose.2_x": 4.413723945617676e-05,
  "nose.2_y": 0.00013499439228326082,
  "lip1_x": 0.0003133770078420639,
  "lip1_y": 0.00022636554786004126,
  "mouth4.2_x": 0.0025830857921391726,
  "mouth4.2_y": 0.0019447143422439694,
  "lip2_x": 0.001515860902145505,
  "lip2_y": 0.001153607969172299,
  "lefthand_x": 0.0011589870555326343,
  "lefthand_y": 0.002111034234985709,
  "leftfingerroot0_x": 0.0016162869287654757,
  "leftfingerroot0_y": 0.0011220808373764157,
  "leftfingerroot1_x": 0.0013386509381234646,
  "leftfingerroot1_y": 0.0007165757124312222,
  "leftfingerroot2_x": 0.00220276415348053,
  "leftfingerroot2_y": 0.0010617492953315377,
  "leftfingerroot3_x": 0.0021760682575404644,
  "leftfingerroot3_y": 0.0032664581667631865,
  "leftfinger0_x": 0.001507801003754139,
  "leftfinger0_y": 0.0017596507677808404,
  "leftfinger1.2_x": 0.0018346875440329313,
  "leftfinger1.2_y": 0.0018969258526340127,
  "leftfinger2.2_x": 0.0009847674518823624,
  "leftfinger2.2_y": 0.0012003084411844611,
  "leftfinger3_x": 0.004367905668914318,
  "leftfinger3_y": 0.001744656590744853,
  "leftfingertip0_x": 0.0017561797285452485,
  "leftfingertip0_y": 0.0037028894294053316,
  "leftfingertip1.2_x": 0.007372518070042133,
  "leftfingertip1.2_y": 0.0019578442443162203,
  "leftfingertip2.2_x": 0.0019314405508339405,
  "leftfingertip2.2_y": 0.0016521925572305918,
  "leftfingertip3_x": 0.007156365551054478,
  "leftfingertip3_y": 0.001844401122070849,
  "waterport.2_x": 0.0002536559186410159,
  "waterport.2_y": 0.0004948957939632237,
  "water2.2_x": 0.0005649596569128335,
  "water2.2_y": 0.0006708136643283069,
  "water3.2_x": 0.0004077928315382451,
  "water3.2_y": 0.000505114090628922,
  "water4.2_x": 0.00037017095019109547,
  "water4.2_y": 0.00020106896408833563
}