{
  "baseline": {
    "checkpoint": "checkpoints/keypoints_dataset4/CITRISVAE_dataset4/version_0/checkpoints/best-epoch=299-val_loss=-141.58.ckpt",
    "assignment": [
      0,
      0,
      0,
      0,
      0,
      0,
      0,
      0
    ],
    "n_opto_dims": 8,
    "n_psi0_dims": 0,
    "opto_dims": [
      0,
      1,
      2,
      3,
      4,
      5,
      6,
      7
    ],
    "psi0_dims": [],
    "psi0_prob": [
      0.12099999934434891,
      0.04899999871850014,
      0.14000000059604645,
      0.05700000002980232,
      0.04100000113248825,
      0.052000001072883606,
      0.020999999716877937,
      0.017999999225139618
    ],
    "abs_cohens_d": [
      0.03400000184774399,
      0.039000000804662704,
      0.4699999988079071,
      0.6930000185966492,
      0.07999999821186066,
      0.5759999752044678,
      0.28999999165534973,
      1.0420000553131104
    ],
    "auc": [
      0.494,
      0.537,
      0.403,
      0.324,
      0.527,
      0.656,
      0.416,
      0.782
    ],
    "mean_abs_d_opto_block": 0.40315353870391846,
    "mean_abs_d_psi0_block": NaN,
    "separation": NaN
  },
  "lreg05": {
    "checkpoint": "checkpoints/keypoints_dataset4_sweep/CITRISVAE_d4_lreg05/version_0/checkpoints/best-epoch=299-val_loss=-140.54.ckpt",
    "assignment": [
      0,
      0,
      0,
      0,
      0,
      0,
      0,
      0
    ],
    "n_opto_dims": 8,
    "n_psi0_dims": 0,
    "opto_dims": [
      0,
      1,
      2,
      3,
      4,
      5,
      6,
      7
    ],
    "psi0_dims": [],
    "psi0_prob": [
      0.24199999868869781,
      0.1770000010728836,
      0.0860000029206276,
      0.07000000029802322,
      0.04600000008940697,
      0.04699999839067459,
      0.02199999988079071,
      0.02500000037252903
    ],
    "abs_cohens_d": [
      0.4740000069141388,
      0.3659999966621399,
      0.14000000059604645,
      0.5120000243186951,
      0.5839999914169312,
      0.1809999942779541,
      0.6359999775886536,
      0.871999979019165
    ],
    "auc": [
      0.358,
      0.628,
      0.469,
      0.366,
      0.668,
      0.445,
      0.327,
      0.726
    ],
    "mean_abs_d_opto_block": 0.47064441442489624,
    "mean_abs_d_psi0_block": NaN,
    "separation": NaN
  },
  "lreg10": {
    "checkpoint": "checkpoints/keypoints_dataset4_sweep/CITRISVAE_d4_lreg10/version_0/checkpoints/best-epoch=264-val_loss=-144.24.ckpt",
    "assignment": [
      0,
      0,
      0,
      0,
      0,
      0,
      0,
      0
    ],
    "n_opto_dims": 8,
    "n_psi0_dims": 0,
    "opto_dims": [
      0,
      1,
      2,
      3,
      4,
      5,
      6,
      7
    ],
    "psi0_dims": [],
    "psi0_prob": [
      0.23600000143051147,
      0.14900000393390656,
      0.0820000022649765,
      0.07500000298023224,
      0.026000000536441803,
      0.03999999910593033,
      0.01600000075995922,
      0.03700000047683716
    ],
    "abs_cohens_d": [
      0.7549999952316284,
      0.15600000321865082,
      0.4300000071525574,
      0.47699999809265137,
      0.18700000643730164,
      0.04100000113248825,
      0.7940000295639038,
      0.9380000233650208
    ],
    "auc": [
      0.288,
      0.57,
      0.395,
      0.362,
      0.42,
      0.509,
      0.714,
      0.758
    ],
    "mean_abs_d_opto_block": 0.4722672700881958,
    "mean_abs_d_psi0_block": NaN,
    "separation": NaN
  },
  "lreg10_t05": {
    "checkpoint": "checkpoints/keypoints_dataset4_sweep/CITRISVAE_d4_lreg10_t05/version_0/checkpoints/best-epoch=279-val_loss=-144.38.ckpt",
    "assignment": [
      0,
      0,
      0,
      0,
      0,
      0,
      0,
      0
    ],
    "n_opto_dims": 8,
    "n_psi0_dims": 0,
    "opto_dims": [
      0,
      1,
      2,
      3,
      4,
      5,
      6,
      7
    ],
    "psi0_dims": [],
    "psi0_prob": [
      0.1589999943971634,
      0.09200000017881393,
      0.10599999874830246,
      0.125,
      0.05000000074505806,
      0.14399999380111694,
      0.026000000536441803,
      0.06400000303983688
    ],
    "abs_cohens_d": [
      0.5180000066757202,
      0.08100000023841858,
      0.9490000009536743,
      0.3610000014305115,
      0.5640000104904175,
      0.7179999947547913,
      0.984000027179718,
      0.843999981880188
    ],
    "auc": [
      0.656,
      0.533,
      0.723,
      0.603,
      0.657,
      0.686,
      0.24,
      0.725
    ],
    "mean_abs_d_opto_block": 0.6275282502174377,
    "mean_abs_d_psi0_block": NaN,
    "separation": NaN
  },
  "lreg30": {
    "checkpoint": "checkpoints/keypoints_dataset4_sweep/CITRISVAE_d4_lreg30/version_0/checkpoints/best-epoch=299-val_loss=-142.17.ckpt",
    "assignment": [
      0,
      1,
      0,
      0,
      0,
      0,
      0,
      0
    ],
    "n_opto_dims": 7,
    "n_psi0_dims": 1,
    "opto_dims": [
      0,
      2,
      3,
      4,
      5,
      6,
      7
    ],
    "psi0_dims": [
      1
    ],
    "psi0_prob": [
      0.36399999260902405,
      0.6850000023841858,
      0.31200000643730164,
      0.289000004529953,
      0.1080000028014183,
      0.07000000029802322,
      0.04399999976158142,
      0.1420000046491623
    ],
    "abs_cohens_d": [
      0.4000000059604645,
      0.43700000643730164,
      0.9769999980926514,
      0.9079999923706055,
      0.032999999821186066,
      0.6890000104904175,
      0.8389999866485596,
      0.3059999942779541
    ],
    "auc": [
      0.601,
      0.377,
      0.744,
      0.263,
      0.489,
      0.678,
      0.29,
      0.587
    ],
    "mean_abs_d_opto_block": 0.5934094190597534,
    "mean_abs_d_psi0_block": 0.4369591474533081,
    "separation": 0.1564502716064453
  },
  "lreg50": {
    "checkpoint": "checkpoints/keypoints_dataset4_sweep/CITRISVAE_d4_lreg50/version_0/checkpoints/best-epoch=294-val_loss=-140.73.ckpt",
    "assignment": [
      1,
      1,
      0,
      1,
      0,
      0,
      0,
      1
    ],
    "n_opto_dims": 4,
    "n_psi0_dims": 4,
    "opto_dims": [
      2,
      4,
      5,
      6
    ],
    "psi0_dims": [
      0,
      1,
      3,
      7
    ],
    "psi0_prob": [
      0.6729999780654907,
      0.8679999709129333,
      0.4970000088214874,
      0.6679999828338623,
      0.45399999618530273,
      0.3630000054836273,
      0.12099999934434891,
      0.5329999923706055
    ],
    "abs_cohens_d": [
      0.10400000214576721,
      0.3160000145435333,
      0.7749999761581421,
      0.9950000047683716,
      0.02800000086426735,
      0.734000027179718,
      0.5120000243186951,
      0.125
    ],
    "auc": [
      0.529,
      0.41,
      0.694,
      0.245,
      0.503,
      0.691,
      0.636,
      0.478
    ],
    "mean_abs_d_opto_block": 0.5125274062156677,
    "mean_abs_d_psi0_block": 0.38485538959503174,
    "separation": 0.127672016620636
  }
}